<?xml version="1.0" encoding="UTF-8"?>
<!DOCTYPE mapper PUBLIC "-//mybatis.org//DTD Mapper 3.0//EN" "http://mybatis.org/dtd/mybatis-3-mapper.dtd">
<mapper namespace="com.amy.demo.business.mapper.PermissionMapper">
    <resultMap id="BaseResultMap" type="com.amy.demo.entity.Permission">
        <id column="id" jdbcType="VARCHAR" property="id" />
        <result column="code" jdbcType="VARCHAR" property="code" />
        <result column="name" jdbcType="VARCHAR" property="name" />
        <result column="perms" jdbcType="VARCHAR" property="perms" />
        <result column="url" jdbcType="VARCHAR" property="url" />
        <result column="icon" jdbcType="VARCHAR" property="icon" />
        <result column="method" jdbcType="VARCHAR" property="method" />
        <result column="pid" jdbcType="VARCHAR" property="pid" />
        <result column="order_num" jdbcType="INTEGER" property="orderNum" />
        <result column="type" jdbcType="TINYINT" property="type" />
        <result column="status" jdbcType="TINYINT" property="status" />
        <result column="create_time" jdbcType="TIMESTAMP" property="createTime" />
        <result column="update_time" jdbcType="TIMESTAMP" property="updateTime" />
        <result column="deleted" jdbcType="TINYINT" property="deleted" />
    </resultMap>

    <sql id="Base_Column_List">
    id, code, `name`, perms, url, `method`, pid, order_num, `type`, `status`, create_time,icon,
    update_time, deleted
  </sql>

    <select id="selectInfoByIds" resultMap="BaseResultMap">
        select <include refid="Base_Column_List"></include>
        from  permission
        where id in
        <foreach item="item" collection="list" open="(" separator="," close=")">
            #{item}
        </foreach>
        order by order_num DESC
    </select>


<!--
    <select id="selectAll" resultMap="BaseResultMap">
        select <include refid="Base_Column_List"></include>
        from permission
        where deleted=1
    </select>
-->
    <select id="selectChild" resultMap="BaseResultMap">
        select <include refid="Base_Column_List"></include>
        from permission
        where deleted=1 and
        pid = #{pid}
    </select>
</mapper>