<?xml version="1.0" encoding="UTF-8"?>
<!DOCTYPE mapper PUBLIC "-//mybatis.org//DTD Mapper 3.0//EN" "http://mybatis.org/dtd/mybatis-3-mapper.dtd">
<mapper namespace="com.amy.demo.business.mapper.RolePermissionMapper">
    <resultMap id="BaseResultMap" type="com.amy.demo.entity.RolePermission">
        <id column="id" jdbcType="VARCHAR" property="id" />
        <result column="role_id" jdbcType="VARCHAR" property="roleId" />
        <result column="permission_id" jdbcType="VARCHAR" property="permissionId" />
        <result column="create_time" jdbcType="TIMESTAMP" property="createTime" />
    </resultMap>

    <sql id="Base_Column_List">
    id, role_id, permission_id, create_time
  </sql>

    <select id="getPermissionIdsByRoleId" resultType="java.lang.String">
    SELECT permission_id
    from role_permission
    where role_id =#{roleId}
  </select>

    <select id="getPermissionIdsByRoles" resultType="java.lang.String">
        SELECT permission_id
        from role_permission
        where role_id in
        <foreach item="item" collection="list" open="(" separator="," close=")">
            #{item}
        </foreach>
    </select>



    <delete id="removeByRoleId">
    DELETE
    FROM
    role_permission
    WHERE
    role_id = #{roleId}
  </delete>



    <insert id="batchRolePermission" parameterType="com.amy.demo.entity.RolePermission">
        INSERT INTO role_permission (
        id,
        role_id,
        permission_id,
        create_time
        )
        VALUES
        <foreach item="item" collection="list" index="index" separator=",">
            (
            #{item.id},
            #{item.roleId},
            #{item.permissionId},
            #{item.createTime}
            )
        </foreach>
    </insert>

    <delete id="removeByPermissionId">
     DELETE
    FROM
    role_permission
    WHERE
    permission_id = #{permissionId}
  </delete>


    <select id="getRoleIds" resultType="java.lang.String">
    select role_id
    from role_permission
    where permission_id = #{permissionId}
  </select>

</mapper>