<?xml version="1.0" encoding="UTF-8"?>
<!DOCTYPE mapper PUBLIC "-//mybatis.org//DTD Mapper 3.0//EN" "http://mybatis.org/dtd/mybatis-3-mapper.dtd">
<mapper namespace="com.amy.demo.business.mapper.RoleMapper">
    <resultMap id="BaseResultMap" type="com.amy.demo.entity.Role">
        <id column="id" jdbcType="VARCHAR" property="id" />
        <result column="name" jdbcType="VARCHAR" property="name" />
        <result column="description" jdbcType="VARCHAR" property="description" />
        <result column="status" jdbcType="TINYINT" property="status" />
        <result column="create_time" jdbcType="TIMESTAMP" property="createTime" />
        <result column="update_time" jdbcType="TIMESTAMP" property="updateTime" />
        <result column="deleted" jdbcType="TINYINT" property="deleted" />
    </resultMap>

    <sql id="Base_Column_List">
    id, `name`, description, `status`, create_time, update_time, deleted
  </sql>


    
    <select id="getRoleInfoByIds" resultMap="BaseResultMap">
        select <include refid="Base_Column_List"></include>
        from role
        where id in
        <foreach item="item" collection="list" open="(" separator="," close=")">
            #{item}
        </foreach>
    </select>

    <!--
    <select id="selectAll" resultMap="BaseResultMap" parameterType="com.amy.demo.vo.request.RolePageReqVO">
        select <include refid="Base_Column_List"></include>
        from role
        <where>
            deleted=1
            <if test="roleName!=null and roleName!=''">
                AND name LIKE concat('%',#{roleName},'%')
            </if>
            <if test="startTime!=null and startTime!=''">
                AND create_time &gt;= #{startTime}
            </if>
            <if test="endTime!=null and endTime!=''">
                AND create_time &lt;= #{endTime}
            </if>
            <if test="roleId!=null and roleId!='' ">
                AND id=#{roleId}
            </if>
            <if test="status!=null and status!='' or status==0 ">
                AND `status`=#{status}
            </if>
        </where>
    </select>
    -->
</mapper>