<?xml version="1.0" encoding="UTF-8"?>
<!DOCTYPE mapper PUBLIC "-//mybatis.org//DTD Mapper 3.0//EN" "http://mybatis.org/dtd/mybatis-3-mapper.dtd">
<mapper namespace="com.amy.demo.business.mapper.UserRoleMapper">
    <resultMap id="BaseResultMap" type="com.amy.demo.entity.UserRole">
        <id column="id" jdbcType="VARCHAR" property="id" />
        <result column="user_id" jdbcType="VARCHAR" property="userId" />
        <result column="role_id" jdbcType="VARCHAR" property="roleId" />
        <result column="create_time" jdbcType="TIMESTAMP" property="createTime" />
    </resultMap>

    <sql id="Base_Column_List">
    id, user_id, role_id, create_time
  </sql>

    <select id="getRoleIdsByUserId" resultType="java.lang.String">
    SELECT role_id
    from user_role
    where user_id =#{userId}
  </select>

    <select id="getInfoByUserIdByRoleId" resultType="java.lang.String">
    select user_id
    from user_role
    where   role_id=#{roleId}
  </select>

    <select id="getUserIdsByRoleIds" resultType="java.lang.String">
        select user_id
        from user_role
        where role_id in
        <foreach collection="list" open="(" close=")" separator="," item="item">
            #{item}
        </foreach>
    </select>

    <insert id="batchUserRole" parameterType="com.amy.demo.entity.UserRole">
        INSERT INTO user_role (
        id,
        role_id,
        user_id,
        create_time
        )
        VALUES
        <foreach item="item" collection="list" index="index" separator=",">
            (
            #{item.id},
            #{item.roleId},
            #{item.userId},
            #{item.createTime}
            )
        </foreach>
    </insert>

    <delete id="removeByUserId">
    delete
    from user_role
    where user_id=#{userId}
  </delete>
</mapper>