<?xml version="1.0" encoding="UTF-8"?>
<!DOCTYPE mapper PUBLIC "-//mybatis.org//DTD Mapper 3.0//EN" "http://mybatis.org/dtd/mybatis-3-mapper.dtd">
<mapper namespace="com.amy.demo.business.mapper.UserMapper">
    <resultMap id="BaseResultMap" type="com.amy.demo.entity.User">
        <id column="id" jdbcType="VARCHAR" property="id" />
        <result column="username" jdbcType="VARCHAR" property="username" />
        <result column="salt" jdbcType="VARCHAR" property="salt" />
        <result column="password" jdbcType="VARCHAR" property="password" />
        <result column="phone" jdbcType="VARCHAR" property="phone" />
        <result column="dept_id" jdbcType="VARCHAR" property="deptId" />
        <result column="real_name" jdbcType="VARCHAR" property="realName" />
        <result column="nick_name" jdbcType="VARCHAR" property="nickName" />
        <result column="email" jdbcType="VARCHAR" property="email" />
        <result column="status" jdbcType="TINYINT" property="status" />
        <result column="sex" jdbcType="TINYINT" property="sex" />
        <result column="deleted" jdbcType="TINYINT" property="deleted" />
        <result column="create_id" jdbcType="VARCHAR" property="createId" />
        <result column="update_id" jdbcType="VARCHAR" property="updateId" />
        <result column="create_where" jdbcType="TINYINT" property="createWhere" />
        <result column="create_time" jdbcType="TIMESTAMP" property="createTime" />
        <result column="update_time" jdbcType="TIMESTAMP" property="updateTime" />
    </resultMap>

    <sql id="Base_Column_List">
    id, username, salt, `password`, phone, dept_id, real_name, nick_name, email, `status`,
    sex, deleted, create_id, update_id, create_where, create_time, update_time
  </sql>

    <select id="getUserInfoByName" resultMap="BaseResultMap">
        SELECT <include refid="Base_Column_List"></include>
        FROM user
        WHERE username=#{userName}
        AND deleted=1
    </select>


<!--
    <select id="selectAll" resultMap="BaseResultMap" parameterType="com.amy.demo.vo.request.UserPageReqVO">
        select <include refid="Base_Column_List"></include>
        from user
        <where>
            deleted=1
            <if test="username!=null and username!=''">
                AND username LIKE concat('%',#{username},'%')
            </if>
            <if test="nickName!=null and nickName!=''">
                AND nick_name LIKE concat('%',#{nickName},'%')
            </if>
            <if test="realName!=null and realName!=''">
                AND real_name LIKE concat('%',#{realName},'%')
            </if>
            <if test="startTime!=null and startTime!=''">
                AND create_time &gt;= #{startTime}
            </if>
            <if test="endTime!=null and endTime!=''">
                AND create_time &lt;= #{endTime}
            </if>
            <if test="userId!=null and userId!='' ">
                AND id=#{userId}
            </if>
            <if test="status!=null and status!='' or status==0 ">
                AND `status`=#{status}
            </if>
            <if test="sex!=null and sex!='' or sex==0 ">
                AND sex=#{sex}
            </if>
            <if test="createWhere!=null and createWhere!='' or createWhere==0 ">
                AND create_where=#{createWhere}
            </if>
        </where>
        order by create_time
    </select>

-->
    <select id="selectUserInfoByDeptIds" resultMap="BaseResultMap">
        select <include refid="Base_Column_List"></include>
        from user
        where dept_id in
        <foreach collection="list" open="(" close=")" separator="," item="item">
            #{item}
        </foreach>
        and deleted=1
    </select>

    <select id="getUserListByDeptId" resultMap="BaseResultMap">
        select <include refid="Base_Column_List"></include>
        from user
        where dept_id=#{deptId}
        and deleted=1
    </select>



    <update id="deletedUsers" parameterType="com.amy.demo.entity.User">
        update user
        <set>
            deleted = 0,
            <if test="sysUser.updateId != null">
                update_id = #{sysUser.updateId,jdbcType=VARCHAR},
            </if>
            <if test="sysUser.updateTime != null">
                update_time = #{sysUser.updateTime,jdbcType=TIMESTAMP},
            </if>
        </set>
        where id in
        <foreach collection="list" open="(" close=")" separator="," item="item">
            #{item}
        </foreach>
    </update>
</mapper>